{
    "Kilometre" : {
        "Kilometre" : 1,
        "Metre" : 1000,
        "Decimetre" : 10000,
        "Centimetre" : 100000,
        "Millimetre" : 1000000,
        "Inch" : 39370.08,
        "Mile" : 0.6214,
        "Foot" : 3280.84,
        "Yard" : 1093.61
    },

    "Metre" : {
        "Kilometre" : 0.001,
        "Metre" : 1,
        "Decimetre" : 10,
        "Centimetre" : 100,
        "Millimetre" : 1000,
        "Inch" : 39.37008,
        "Mile" : 0.0006214,
        "Foot" : 3.28084,
        "Yard" : 1.09361
    },

    "Decimetre" : {
        "Kilometre" : 0.0001,
        "Metre" : 0.1,
        "Decimetre" : 1,
        "Centimetre" : 10,
        "Millimetre" : 100,
        "Inch" : 3.937008,
        "Mile" : 0.00006214,
        "Foot" : 0.328084,
        "Yard" : 0.109361
    },

    "Centimetre" : {
        "Kilometre" : 0.00001,
        "Metre" : 0.01,
        "Decimetre" : 0.1,
        "Centimetre" : 1,
        "Millimetre" : 10,
        "Inch" : 0.3937008,
        "Mile" : 0.000006214,
        "Foot" : 0.0328084,
        "Yard" : 0.0109361
    },

    "Millimetre" : {
        "Kilometre" : 0.000001,
        "Metre" : 0.001,
        "Decimetre" : 0.01,
        "Centimetre" : 0.1,
        "Millimetre" : 1,
        "Inch" : 0.03937008,
        "Mile" : 0.0000006214,
        "Foot" : 0.00328084,
        "Yard" : 0.00109361
    },

    "Inch" : {
        "Kilometre" : 0.0000254,
        "Metre" : 0.0254,
        "Decimetre" : 0.254,
        "Centimetre" : 2.54,
        "Millimetre" : 25.4,
        "Inch" : 1,
        "Mile" : 0.0000158,
        "Foot" : 0.0833,
        "Yard" : 0.0278
    },

    "Mile" : {
        "Kilometre" : 1.6092694,
        "Metre" : 1609.2694,
        "Decimetre" : 16092.694,
        "Centimetre" : 160926.94,
        "Millimetre" : 1609269.4,
        "Inch" : 63357.06,
        "Mile" : 1,
        "Foot" : 5279.75,
        "Yard" : 1759.92
    },

    "Foot" : {
        "Kilometre" : 0.0003048,
        "Metre" : 0.3048,
        "Decimetre" : 3.048,
        "Centimetre" : 30.48,
        "Millimetre" : 304.8,
        "Inch" : 12,
        "Mile" : 0.000189,
        "Foot" : 1,
        "Yard" : 0.33
    },

    "Yard" : {
        "Kilometre" : 0.0009144,
        "Metre" : 0.9144,
        "Decimetre" : 9.144,
        "Centimetre" : 91.44,
        "Millimetre" : 914.4,
        "Inch" : 36,
        "Mile" : 0.000568,
        "Foot" : 3,
        "Yard" : 1
    }
}