{
    "Kilogram (kg)" : {
        "Kilogram (kg)" : 1,
        "Gram (g)" : 1000,
        "Milligram (mg)" : 1000000,
        "Microgram (ug)" : 1000000000,
        "Tonne (t)" : 0.001,
        "Quintal (q)" : 0.01,
        "Carat (c)" : 5000,
        "Pound (lb)" : 2.2046,
        "Grain (gr)" : 15432.358
    },
    "Gram (g)" : {
        "Kilogram (kg)" : 0.001,
        "Gram (g)" : 1,
        "Milligram (mg)" : 1000,
        "Microgram (ug)" : 1000000,
        "Tonne (t)" : 0.000001,
        "Quintal (q)" : 0.00001,
        "Carat (c)" : 5,
        "Pound (lb)" : 0.002205,
        "Grain (gr)" : 15.4324
    },
    "Milligram (mg)" : {
        "Kilogram (kg)" : 0.000001,
        "Gram (g)" : 0.001,
        "Milligram (mg)" : 1,
        "Microgram (ug)" : 1000,
        "Tonne (t)" : 0.000000001,
        "Quintal (q)" : 0.00000001,
        "Carat (c)" : 0.005,
        "Pound (lb)" : 0.000002205,
        "Grain (gr)" : 0.0154324
    },
    "Microgram (ug)" : {
        "Kilogram (kg)" : 0.000000001,
        "Gram (g)" : 0.000001,
        "Milligram (mg)" : 0.001,
        "Microgram (ug)" : 1,
        "Tonne (t)" : 0.000000000001,
        "Quintal (q)" : 0.00000000001,
        "Carat (c)" : 0.000005,
        "Pound (lb)" : 0.000000002205,
        "Grain (gr)" : 0.0000154324
    },
    "Tonne (t)" : {
        "Kilogram (kg)" : 1000,
        "Gram (g)" : 1000000,
        "Milligram (mg)" : 1000000000,
        "Microgram (ug)" : 1000000000000,
        "Tonne (t)" : 1,
        "Quintal (q)" : 10,
        "Carat (c)" : 5000000,
        "Pound (lb)" : 2204.62,
        "Grain (gr)" : 15432358.35
    },
    "Quintal (q)" : {
        "Kilogram (kg)" : 100,
        "Gram (g)" : 100000,
        "Milligram (mg)" : 100000000,
        "Microgram (ug)" : 100000000000,
        "Tonne (t)" : 0.1,
        "Quintal (q)" : 1,
        "Carat (c)" : 500000,
        "Pound (lb)" : 220.462,
        "Grain (gr)" : 1543235.835
    },
    "Carat (c)" : {
        "Kilogram (kg)" : 0.0002,
        "Gram (g)" : 0.2,
        "Milligram (mg)" : 200,
        "Microgram (ug)" : 200000,
        "Tonne (t)" : 0.00000002,
        "Quintal (q)" : 0.000002,
        "Carat (c)" : 1,
        "Pound (lb)" : 0.00044,
        "Grain (gr)" : 3.0864
    },
    "Pound (lb)" : {
        "Kilogram (kg)" : 0.4536,
        "Gram (g)" : 453.6,
        "Milligram (mg)" : 453592.4,
        "Microgram (ug)" : 453592374.5,
        "Tonne (t)" : 0.0004536,
        "Quintal (q)" : 0.004536,
        "Carat (c)" : 2267.96,
        "Pound (lb)" : 1,
        "Grain (gr)" : 7000
    },
    "Grain (gr)" : {
        "Kilogram (kg)" : 0.0000648,
        "Gram (g)" : 0.064799,
        "Milligram (mg)" : 64.799,
        "Microgram (ug)" : 64798.91,
        "Tonne (t)" : 0.000000065,
        "Quintal (q)" : 0.00000065,
        "Carat (c)" : 0.324,
        "Pound (lb)" : 0.000143,
        "Grain (gr)" : 1
    }
}